Workbook

Sheet Overview
A1: AQUAI FLAWLESS ELEGANCE
A2: Interactive Master Product Catalogue & Price Calculator (Vol 8.2)
A3: Authorized Distributor: CORE ENTRADE INDIA PVT LTD | Paschim Boragaon, NH 37, Guwahati - 781034
A5: DEALER PRICING CALCULATOR INTERFACE
A6: Enter your discount percentage below to dynamically update your custom purchase prices across all product sheets:
A8: Dealer Discount Factor (%) | B8: 0.1
A11: TABLE OF CONTENTS & SHEETS INDEX
A12: Sheet Name | B12: Description | C12: Total Products | D12: Sheet Link
A13: Drainage & Piping | B13: Showers, floor traps, heavy linear drains, couplings, valves, and cisterns. | C13: =COUNTA('Drainage & Piping'!D4:D115) | D13: Go to Sheet →
A14: Accessories & Sinks | B14: Daizy, Elite (Gold, Rose Gold, Chrome), Brava Series, SS Sinks, and Mirror Cabinets. | C14: =COUNTA('Accessories & Sinks'!D4:D65) | D14: Go to Sheet →
A15: Clamps | B15: Heavy-duty double nail clamps for uPVC and cPVC pipe management (and Saijal clamps). | C15: =COUNTA('Clamps'!D4:D33) | D15: Go to Sheet →
A17: Total Database Summary | B17: =SUM(C13:C15)
A19: VISUAL LEGEND & FORMATTING KEY
A20: Blue Highlight (Input) | B20: Editable cell. You can change this value (e.g. Discount %).
A21: Green Highlight (Output) | B21: Calculated cell containing dynamic formulas. Do not overwrite.
A22: Zebra Striping (Light Gray) | B22: Aesthetic alternating rows for high legibility.
A23: Dark Navy Header | B23: Main table column headers.

Sheet Drainage & Piping
A1: AQUAI - DRAINAGE & PIPING COMPLETE PRODUCTS LIST (VOL 8.2) | H1: ← Return to Overview
A3: Category | B3: Series / Finish | C3: Product Name | D3: Code No. | E3: Size / Dimensions | F3: Material | G3: Dealer Price (D.P.) | H3: Your Net Price | I3: Std / Box Pkg | J3: Key Features / Notes
A4: Showers | B4: Ultra Slim Shower K Series | C4: Ultra Slim Shower (SS-202 Mirror Finish) | D4: BH-139-4 | E4: 100x100mm | F4: SS-202 | G4: 430 | H4: =G4*(1-Overview!$B$8) | I4: NA | J4: Mirror Finish
A5: Showers | B5: Ultra Slim Shower K Series | C5: Ultra Slim Shower (SS-202 Mirror Finish) | D5: BH-139-6 | E5: 150x150mm | F5: SS-202 | G5: 630 | H5: =G5*(1-Overview!$B$8) | I5: NA | J5: Mirror Finish
A6: Showers | B6: Ultra Slim Shower K Series | C6: Ultra Slim Shower (SS-202 Mirror Finish) | D6: BH-139-8 | E6: 200x200mm | F6: SS-202 | G6: 990 | H6: =G6*(1-Overview!$B$8) | I6: NA | J6: Mirror Finish
A7: Showers | B7: Ultra Slim Shower K Series | C7: Ultra Slim Shower (SS-202 Mirror Finish) | D7: BH-139-12 | E7: 300x300mm | F7: SS-202 | G7: 2420 | H7: =G7*(1-Overview!$B$8) | I7: NA | J7: Mirror Finish
A8: Shower Arms | B8: Square Shower Arm | C8: Square Shower Arm | D8: BH-129-9 | E8: 225mm | F8: SS-202 | G8: 280 | H8: =G8*(1-Overview!$B$8) | I8: NA | J8: Mirror Finish
A9: Shower Arms | B9: Square Shower Arm | C9: Square Shower Arm | D9: BH-129-12 | E9: 300mm | F9: SS-202 | G9: 370 | H9: =G9*(1-Overview!$B$8) | I9: NA | J9: Mirror Finish
A10: Shower Arms | B10: Square Shower Arm | C10: Square Shower Arm | D10: BH-129-15 | E10: 375mm | F10: SS-202 | G10: 460 | H10: =G10*(1-Overview!$B$8) | I10: NA | J10: Mirror Finish
A11: Shower Arms | B11: Square Shower Arm | C11: Square Shower Arm | D11: BH-129-18 | E11: 450mm | F11: SS-202 | G11: 550 | H11: =G11*(1-Overview!$B$8) | I11: NA | J11: Mirror Finish
A12: Shower Arms | B12: Square Shower Arm | C12: Square Shower Arm | D12: BH-129-24 | E12: 600mm | F12: SS-202 | G12: 740 | H12: =G12*(1-Overview!$B$8) | I12: NA | J12: Mirror Finish
A13: Shower Arms | B13: Oval Shower Arm | C13: Oval Shower Arm | D13: BH-131-9 | E13: 225mm | F13: SS-202 | G13: 270 | H13: =G13*(1-Overview!$B$8) | I13: NA | J13: Mirror Finish
A14: Shower Arms | B14: Oval Shower Arm | C14: Oval Shower Arm | D14: BH-131-12 | E14: 300mm | F14: SS-202 | G14: 360 | H14: =G14*(1-Overview!$B$8) | I14: NA | J14: Mirror Finish
A15: Shower Arms | B15: Oval Shower Arm | C15: Oval Shower Arm | D15: BH-131-15 | E15: 375mm | F15: SS-202 | G15: 450 | H15: =G15*(1-Overview!$B$8) | I15: NA | J15: Mirror Finish
... A108: Pipes | B108: Hose Pipes | C108: SS Hose Connection Pipe (With SS 304 Nut) | D108: AP-ACC-07 | E108: 15x900mm | F108: SS-304 Braided | G108: 520 | H108: =G108*(1-Overview!$B$8) | I108: 50 pair | J108: Pairs connector hoses
C109: Total Summary / Averages | D109: =COUNTA(D4:D108)&" Items" | G109: =AVERAGE(G4:G108) | H109: =AVERAGE(H4:H108)

Sheet Accessories & Sinks
A1: AQUAI - ACCESSORIES & SINKS COMPLETE PRODUCTS LIST (VOL 8.2) | H1: ← Return to Overview
A3: Category | B3: Series / Finish | C3: Product Name | D3: Code No. | E3: Size / Dimensions | F3: Material | G3: Dealer Price (D.P.) | H3: Your Net Price | I3: Std / Box Pkg | J3: Key Features / Notes
A4: Accessories | B4: Daizy Series | C4: Towel Rack (SS 304) | D4: DC-201-24 | E4: 600mm | F4: SS-304 | G4: 3230 | H4: =G4*(1-Overview!$B$8) | I4: NA | J4: Double rod rack
A5: Accessories | B5: Daizy Series | C5: Towel Rod (SS 304) | D5: DC-202-18 | E5: 450mm | F5: SS-304 | G5: 1110 | H5: =G5*(1-Overview!$B$8) | I5: NA | J5: Single towel rod
A6: Accessories | B6: Daizy Series | C6: Towel Rod (SS 304) | D6: DC-202-24 | E6: 600mm | F6: SS-304 | G6: 1170 | H6: =G6*(1-Overview!$B$8) | I6: NA | J6: Single towel rod
A7: Accessories | B7: Daizy Series | C7: Robe Hook (SS 304) | D7: DC-203 | E7: Standard | F7: SS-304 | G7: 350 | H7: =G7*(1-Overview!$B$8) | I7: NA | J7: Double robe peg
A8: Accessories | B8: Daizy Series | C8: Towel Ring (SS 304) | D8: DC-206-F | E8: Standard | F8: SS-304 | G8: 1000 | H8: =G8*(1-Overview!$B$8) | I8: NA | J8: Premium wall ring
A9: Accessories | B9: Daizy Series | C9: Soap Dish (SS 304) | D9: DC-208 | E9: Standard | F9: SS-304 | G9: 660 | H9: =G9*(1-Overview!$B$8) | I9: NA | J9: Metal slotted dish
A10: Accessories | B10: Daizy Series | C10: Toilet Paper Holder (SS 304) | D10: DC-209 | E10: Standard | F10: SS-304 | G10: 1360 | H10: =G10*(1-Overview!$B$8) | I10: NA | J10: Wall-mounted holder with flap cover
A11: Accessories | B11: Daizy Series | C11: Glass Liquid Soap Dispenser (SS 304) | D11: DC-210 | E11: Standard | F11: SS-304/Glass | G11: 1010 | H11: =G11*(1-Overview!$B$8) | I11: NA | J11: Frosted glass container
A12: Accessories | B12: Daizy Series | C12: Glass Tumbler Holder (SS 304) | D12: DC-211 | E12: Standard | F12: SS-304/Glass | G12: 930 | H12: =G12*(1-Overview!$B$8) | I12: NA | J12: Frosted glass tumbler
A13: Accessories | B13: Daizy Series | C13: Glass Soap Dish (SS 304) | D13: DC-212 | E13: Standard | F13: SS-304/Glass | G13: 930 | H13: =G13*(1-Overview!$B$8) | I13: NA | J13: Frosted glass soap plate
A14: Accessories | B14: Daizy Series | C14: SS Grab Bar (CP Premium) | D14: BH-127-12 | E14: 300mm | F14: SS-202 | G14: 820 | H14: =G14*(1-Overview!$B$8) | I14: NA | J14: Anti-slip wall safety handle
A15: Accessories | B15: Daizy Series | C15: SS Grab Bar (CP Premium) | D15: BH-127-24 | E15: 600mm | F15: SS-202 | G15: 1640 | H15: =G15*(1-Overview!$B$8) | I15: NA | J15: Anti-slip wall safety handle
... A58: Utility Fixtures | B58: Premium Specialty Items | C58: SS Mirror Cabinet | D58: GI-MC2014 | E58: 350x500x140mm | F58: SS-202 | G58: 7650 | H58: =G58*(1-Overview!$B$8) | I58: NA | J58: Sleek Design, Max Utility, Rust Resistant, Concealed Fittings, Mirror Finish
C59: Total Summary / Averages | D59: =COUNTA(D4:D58)&" Items" | G59: =AVERAGE(G4:G58) | H59: =AVERAGE(H4:H58)

Sheet Clamps
A1: AQUAI - CLAMPS COMPLETE PRODUCTS LIST (VOL 8.2) | H1: ← Return to Overview
A3: Category | B3: Series / Finish | C3: Product Name | D3: Code No. | E3: Size / Dimensions | F3: Material | G3: Dealer Price (D.P.) | H3: Your Net Price | I3: Std / Box Pkg | J3: Key Features / Notes
A4: Piping Clamps | B4: UPVC Pipe Clamps | C4: Double Nail Clamp for uPVC Pipe | D4: BP-U015 | E4: 15mm | F4: Plastic/Steel | G4: 3.1 | H4: =G4*(1-Overview!$B$8) | I4: 100 PCS | J4: Double nail uPVC support clamp
A5: Piping Clamps | B5: UPVC Pipe Clamps | C5: Double Nail Clamp for uPVC Pipe | D5: BP-U020 | E5: 20mm | F5: Plastic/Steel | G5: 5 | H5: =G5*(1-Overview!$B$8) | I5: 100 PCS | J5: Double nail uPVC support clamp
A6: Piping Clamps | B6: UPVC Pipe Clamps | C6: Double Nail Clamp for uPVC Pipe | D6: BP-U025 | E6: 25mm | F6: Plastic/Steel | G6: 6.4 | H6: =G6*(1-Overview!$B$8) | I6: 100 PCS | J6: Double nail uPVC support clamp
A7: Piping Clamps | B7: UPVC Pipe Clamps | C7: Double Nail Clamp for uPVC Pipe | D7: BP-U032 | E7: 32mm | F7: Plastic/Steel | G7: 9.1 | H7: =G7*(1-Overview!$B$8) | I7: 50 PCS | J7: Double nail uPVC support clamp
A8: Piping Clamps | B8: UPVC Pipe Clamps | C8: Double Nail Clamp for uPVC Pipe | D8: BP-U040 | E8: 40mm | F8: Plastic/Steel | G8: 11.7 | H8: =G8*(1-Overview!$B$8) | I8: 50 PCS | J8: Double nail uPVC support clamp
A9: Piping Clamps | B9: UPVC Pipe Clamps | C9: Double Nail Clamp for uPVC Pipe | D9: BP-U050 | E9: 50mm | F9: Plastic/Steel | G9: 15.6 | H9: =G9*(1-Overview!$B$8) | I9: 25 PCS | J9: Double nail uPVC support clamp
A10: Piping Clamps | B10: CPVC Pipe Clamps | C10: Double Nail Clamp for cPVC Pipe | D10: BP-C020 | E10: 20mm | F10: Plastic/Steel | G10: 3.1 | H10: =G10*(1-Overview!$B$8) | I10: 100 PCS | J10: Double nail cPVC support clamp
A11: Piping Clamps | B11: CPVC Pipe Clamps | C11: Double Nail Clamp for cPVC Pipe | D11: BP-C025 | E11: 25mm | F11: Plastic/Steel | G11: 5 | H11: =G11*(1-Overview!$B$8) | I11: 100 PCS | J11: Double nail cPVC support clamp
A12: Piping Clamps | B12: CPVC Pipe Clamps | C12: Double Nail Clamp for cPVC Pipe | D12: BP-C032 | E12: 32mm | F12: Plastic/Steel | G12: 8 | H12: =G12*(1-Overview!$B$8) | I12: 50 PCS | J12: Double nail cPVC support clamp
A13: Piping Clamps | B13: CPVC Pipe Clamps | C13: Double Nail Clamp for cPVC Pipe | D13: BP-C040 | E13: 40mm | F13: Plastic/Steel | G13: 9.1 | H13: =G13*(1-Overview!$B$8) | I13: 50 PCS | J13: Double nail cPVC support clamp
A14: Piping Clamps | B14: CPVC Pipe Clamps | C14: Double Nail Clamp for cPVC Pipe | D14: BP-C050 | E14: 50mm | F14: Plastic/Steel | G14: 19.1 | H14: =G14*(1-Overview!$B$8) | I14: 25 PCS | J14: Double nail cPVC support clamp
A15: Piping Clamps | B15: Saijal Clamps | C15: CPVC Circuit Testing Plug | D15: SE-C-001 | E15: 15mm | F15: UPVC | G15: 8 | H15: =G15*(1-Overview!$B$8) | I15: 100 PCS | J15: Circuit testing plug
... A26: Piping Clamps | B26: Saijal Clamps | C26: CPVC Metal Clamp | D26: SCMC50 | E26: 50mm | F26: CPVC Covered Metal | G26: 13.6 | H26: =G26*(1-Overview!$B$8) | I26: 25 PCS | J26: Saijal brand clamp
C27: Total Summary / Averages | D27: =COUNTA(D4:D26)&" Items" | G27: =AVERAGE(G4:G26) | H27: =AVERAGE(H4:H26)
